{
    "num_rounds":2,

    "epochs_0":1,
    "epochs_1":2,
    "epochs_2":3,
    "epochs_3":4,
    "epochs_4":5,
    
    "ClientNum_0":4,
    "DataAllocation_00":[1.0,0,0,0],
    "DataAllocation_01":[0.25,0.25,0.25,0.25],
    "DataAllocation_02":[0.1,0.1,0.1,0.7],
    "DataAllocation_03":[0.3,0.3,0.3,0.1],

    "ClientNum_1":10,
    "DataAllocation_10":[1.0, 0, 0, 0, 0, 0, 0, 0, 0, 0],
    "DataAllocation_11":[0.09, 0.11, 0.09, 0.11, 0.09, 0.11, 0.09, 0.11, 0.09, 0.11],
    "DataAllocation_12":[0.05, 0.05, 0.05, 0.05, 0.05, 0.05, 0.05, 0.05, 0.05, 0.55],
    "DataAllocation_13":[0.075, 0.125, 0.025, 0.075, 0.2, 0.16, 0.05, 0.14, 0.1, 0.05],
    "DataAllocation_14":[0.1, 0.1, 0.1, 0.1, 0.1, 0.1, 0.1, 0.1, 0.1, 0.1],
    "DataAllocation_15":[0.099999, 0.099999, 0.0999999, 0.0999999, 0.09999999, 0.099999, 0.0999999, 0.0999999, 0.0999999, 0.0999999],


    "DataAllocation": [0.1, 0.1, 0.1, 0.1, 0.1, 0.1, 0.1, 0.1, 0.1, 0.1]



    
}